,name,level,hot,address,num,price
0,故宫,5A景区,1.0,[北京·北京·东城区],13415,¥20 起
1,圆明园,4A景区,0.76,[北京·北京·海淀区],6025,¥36 起
2,天安门广场,,1.0,[北京·北京·东城区],2684,¥20 起
3,八达岭长城缆车,,,[北京·北京·八达岭长城],2436,¥160 起
4,八达岭长城,5A景区,0.82,[北京·北京·延庆县],2250,¥160 起
5,颐和园,5A景区,0.82,[北京·北京·海淀区],1368,¥41 起
6,恭王府,5A景区,0.74,[北京·北京·西城区],1234,¥60 起
7,水立方,,,[北京·北京·奥林匹克公园],3050,¥14 起
8,慕田峪长城,5A景区,0.7,[北京·北京·怀柔区],1306,¥20 起
9,故宫礼物,,,[北京·北京·故宫],1070,¥9 起
10,北京杜莎夫人蜡像馆,,,[北京·北京·前门大街],1006,¥85 起
11,恭王府大戏楼,,,[北京·北京·西城区],458,¥26 起
12,天坛公园,5A景区,0.8,[北京·北京·东城区],392,¥3.9 起
13,前门老北京影戏馆,,,[北京·北京·东城区],546,¥86 起
14,定陵,,0.72,[北京·北京·明十三陵],720,¥51 起
15,塘沽外滩游船,,,[天津·天津·滨海新区],206,¥90 起
16,静园-末代皇帝溥仪旧居,3A景区,,[天津·天津·和平区],170,¥17.3 起
17,五大道之马场道,,,[天津·天津·五大道],90,¥115 起
18,张学良故居,,0.72,[天津·天津·和平区],102,¥39 起
19,古文化街码头,,,[天津·天津·南开区],44,¥64 起
20,天津海昌极地海洋公园,4A景区,,[天津·天津·滨海新区],1100,¥8.8 起
21,天津欢乐谷,4A景区,,[天津·天津·东丽区],606,¥97 起
22,天津泰达航母主题公园,4A景区,0.7,[天津·天津·滨海新区],102,¥15 起
23,天津元升相声茶馆,,,[天津·天津·南开区],40,¥48 起
24,海河桥,,,[天津·天津·河北区],190,¥64 起
25,意式风情街,,,[天津·天津·河北区],16,¥64 起
26,大沽口炮台遗址,,0.74,[天津·天津·滨海新区],146,¥21.9 起
27,天塔湖,4A景区,0.7,[天津·天津·河西区],40,¥44.9 起
28,天津方特欢乐世界,,,[天津·天津·滨海新区],502,¥98 起
29,天津之眼摩天轮,4A景区,,[天津·天津·河北区],8,¥1.5 起
30,黄浦江游船,,,[上海·上海·东方明珠],1268,¥90 起
31,东方明珠,5A景区,0.76,[上海·上海·浦东新区],2043,¥195 起
32,上海杜莎夫人蜡像馆,4A景区,0.74,[上海·上海·黄浦区],1246,¥130 起
33,东方明珠豪华浦江游船东方明珠码头,,,[上海·上海·浦东新区],538,¥88 起
34,上海科技馆,5A景区,0.74,[上海·上海·浦东新区],826,¥50 起
35,豫园,4A景区,0.8400000000000001,[上海·上海·黄浦区],286,¥40 起
36,上海迪士尼乐园,,,[上海·上海·浦东新区],5149,¥138 起
37,上海野生动物园,5A景区,0.72,[上海·上海·浦东新区],3200,¥65 起
38,金茂大厦88层观光厅,4A景区,0.76,[上海·上海·浦东新区],300,¥48.5 起
39,上海中心大厦,,,[上海·上海·浦东新区],404,¥150 起
40,外滩观光隧道,,0.7,[上海·上海·黄浦区],264,¥35 起
41,环球金融中心观光厅,4A景区,0.72,[上海·上海·浦东新区],330,¥68.5 起
42,黄浦江游览,,,[上海·上海·黄浦区],374,¥89 起
43,上海海洋水族馆,4A景区,0.74,[上海·上海·浦东新区],1530,¥105 起
44,东方明珠空中旋转餐厅,,,[上海·上海·东方明珠],234,¥328 起
45,武隆天坑地缝国家地质公园,5A景区,,[重庆·重庆·武隆县],2382,¥48 起
46,重庆长江索道,4A景区,,[重庆·重庆·渝中区],364,¥28 起
47,梦幻奥陶纪,,,[重庆·重庆·万盛区],2088,¥80 起
48,重庆两江夜游,,,[重庆·重庆·渝中区],344,¥140 起
49,武隆天生三桥风景区,5A景区,0.72,[重庆·重庆·武隆天坑地缝国家地质公园],588,¥107 起
50,洪崖洞,4A景区,0.8400000000000001,[重庆·重庆·渝中区],144,¥140 起
51,解放碑步行街,,,[重庆·重庆·渝中区],144,¥140 起
52,重庆环球金融中心观景台(会仙楼),,,[重庆·重庆],560,¥80 起
53,湖广会馆,4A景区,0.72,[重庆·重庆·渝中区],118,¥27 起
54,磁器口古镇,4A景区,0.8,[重庆·重庆·沙坪坝区],54,¥0.1 起
55,朝天门,,,[重庆·重庆·渝中区],350,¥140 起
56,龙水峡地缝,3A景区,0.7,[重庆·重庆·武隆天坑地缝国家地质公园],172,¥111 起
57,两江夜游·交运系列游船,,,[重庆·重庆·重庆两江夜游],62,¥140 起
58,两江夜游·朝天系列游船,,,[重庆·重庆·重庆两江夜游],46,¥66 起
59,两江夜游·交运金碧系列游船,,,[重庆·重庆·重庆两江夜游],84,¥140 起
60,白石山世界地质公园,5A景区,0.74,[河北·保定·涞源县],1150,¥130 起
61,鸽子窝公园,4A景区,0.78,[河北·秦皇岛·北戴河区],716,¥23 起
62,避暑山庄,5A景区,1.0,[河北·承德·双桥区],360,¥40 起
63,野三坡,5A景区,1.0,[河北·保定·涞水县],142,¥65 起
64,秦皇岛野生动物园,4A景区,0.7,[河北·秦皇岛·北戴河区],504,¥85 起
65,北戴河,,1.0,[河北·秦皇岛·北戴河区],412,¥21 起
66,秋山原生态自然风景区,4A景区,,[河北·石家庄·灵寿县],8,¥43 起
67,白银坨,,,[河北·保定·顺平县],8,¥45 起
68,天下第一关（山海关）,,0.74,[河北·秦皇岛·山海关区],436,¥25 起
69,扁鹊庙,4A景区,0.74,[河北·邢台·内丘县],6,¥35 起
70,碧螺塔海上酒吧公园,4A景区,0.7,[河北·秦皇岛·北戴河区],212,¥21 起
71,祖山风景区,4A景区,0.7,[河北·秦皇岛·青龙满族自治县],26,¥70 起
72,新澳海底世界,4A景区,0.72,[河北·秦皇岛·海港区],148,¥85.8 起
73,求仙入海处,4A景区,0.72,[河北·秦皇岛·海港区],80,¥36 起
74,野三坡百里峡,5A景区,0.8800000000000001,[河北·保定·野三坡],102,¥65 起
75,平遥古城,5A景区,1.0,[山西·晋中·平遥县],5004,¥125 起
76,又见平遥,,,[山西·晋中·平遥县],578,¥358 起
77,壶口瀑布（山西）,4A景区,0.8800000000000001,[山西·临汾·吉县],420,¥90 起
78,云冈石窟,5A景区,1.0,[山西·大同·南郊区],384,¥0.1 起
79,山西王家大院,4A景区,0.82,[山西·晋中·灵石县],706,¥55 起
80,五台山,5A景区,1.0,[山西·忻州·五台县],172,¥135 起
81,绵山,5A景区,0.76,[山西·晋中·介休市],114,¥110 起
82,乔家大院,5A景区,0.9400000000000001,[山西·晋中·祁县],168,¥0.1 起
83,山西晋祠博物馆,4A景区,0.76,[山西·太原·晋源区],54,¥0.1 起
84,太行山大峡谷,4A景区,1.0,[山西·长治·壶关县],204,¥88 起
85,皇城相府,5A景区,1.0,[山西·晋城·阳城县],62,¥60 起
86,苏三监狱,,0.76,[山西·临汾·洪洞县],12,¥36 起
87,雁门关,5A景区,0.72,[山西·忻州·代县],134,¥0.1 起
88,芦芽山,4A景区,0.72,[山西·忻州·宁武县],18,¥22.5 起
89,洪洞大槐树,4A景区,1.0,[山西·临汾·洪洞县],190,¥69.5 起
90,大连森林动物园,4A景区,0.72,[辽宁·大连·西岗区],2999,¥58 起
91,红海滩国家风景廊道,,,[辽宁·盘锦·大洼县],1018,¥103 起
92,老虎滩海洋公园,5A景区,0.9,[辽宁·大连·中山区],1220,¥50 起
93,大连圣亚海洋世界,4A景区,0.82,[辽宁·大连·沙河口区],1678,¥25 起
94,关门山国家森林公园,4A景区,0.86,[辽宁·本溪·本溪县],236,¥83.1 起
95,沈阳世博园,5A景区,0.7,[辽宁·沈阳·东陵区],768,¥45 起
96,蒲石河森林公园,,,[辽宁·丹东·凤城市],22,¥68 起
97,天桥沟国家森林公园,4A景区,0.74,[辽宁·丹东·宽甸县],192,¥88 起
98,海昌发现王国,,,[辽宁·大连·金石滩旅游度假区],1104,¥60 起
99,本溪水洞,5A景区,1.0,[辽宁·本溪·本溪县],416,¥131 起
100,桓仁枫林谷,,,[辽宁·本溪·桓仁县],8,¥72 起
101,沈阳森林动物园,4A景区,,[辽宁·沈阳·沈阳棋盘山],328,¥67 起
102,金石滩旅游度假区,5A景区,0.9199999999999999,[辽宁·大连·金州区],166,¥46 起
103,大梨树生态旅游区,4A景区,,[辽宁·丹东·凤城市],62,¥65 起
104,沈阳方特欢乐世界,,,[辽宁·沈阳·沈北新区],360,¥135 起
105,长白山,5A景区,1.0,[吉林·延边·安图县],226,¥55 起
106,长影世纪城,5A景区,0.86,[吉林·长春·南关区],284,¥55 起
107,拉法山,4A景区,0.72,[吉林·吉林市·蛟河市],26,¥55 起
108,汤泉时代温泉,,,[吉林·长春·朝阳区],18,¥49 起
109,伪满皇宫博物院,5A景区,0.9199999999999999,[吉林·长春·宽城区],226,¥67 起
110,净月潭,5A景区,1.0,[吉林·长春·南关区],154,¥26 起
111,六鼎山文化旅游区,5A景区,,[吉林·延边·敦化市],52,¥0.1 起
112,长白山北景区,,0.86,[吉林·延边·长白山],292,¥80 起
113,防川风景区,4A景区,0.7,[吉林·延边·珲春市],14,¥70 起
114,延边雁鸣湖神龙温泉度假村,,,[吉林·延边·敦化市],24,¥55 起
115,长白山地下森林,,0.76,[吉林·延边·延吉市],54,¥50 起
116,长白山汉拿山温泉度假酒店,,,[吉林·白山·长白山万达国际度假区],8,¥218 起
117,东北虎园,,,[吉林·长春·南关区],60,¥58 起
118,松花湖风景名胜区,4A景区,1.0,[吉林·吉林市·丰满区],18,¥118 起
119,长影旧址博物馆,,,[吉林·长春·朝阳区],118,¥50 起
120,哈尔滨松花江观光索道,,,[黑龙江·哈尔滨·道里区],236,¥43 起
121,伏尔加庄园,4A景区,,[黑龙江·哈尔滨·香坊区],300,¥105 起
122,金龙山（横头山）国家森林公园,3A景区,0.7,[黑龙江·哈尔滨·阿城区],926,¥38 起
123,太阳岛,5A景区,0.9199999999999999,[黑龙江·哈尔滨·松北区],112,¥15 起
124,帽儿山,,0.7,[黑龙江·哈尔滨·尚志市],818,¥36 起
125,哈尔滨极地馆,4A景区,0.8,[黑龙江·哈尔滨·松北区],314,¥99 起
126,镜泊湖风景区,5A景区,0.9,[黑龙江·牡丹江·宁安市],108,¥0.1 起
127,东北虎林园,4A景区,0.7,[黑龙江·哈尔滨·松北区],400,¥79 起
128,哈尔滨万达乐园,,,[黑龙江·哈尔滨·松北区],64,¥19 起
129,哈尔滨龙塔,4A景区,0.8400000000000001,[黑龙江·哈尔滨·南岗区],80,¥32 起
130,哈尔滨北方森林动物园,4A景区,,[黑龙江·哈尔滨·阿城区],80,¥65 起
131,吊水壶风景区,,0.7,[黑龙江·哈尔滨·阿城区],24,¥35.9 起
132,哈尔滨香炉山,,0.76,[黑龙江·哈尔滨·宾县],766,¥39.9 起
133,波塞冬海洋王国,,,[黑龙江·哈尔滨·呼兰区],58,¥150 起
134,哈尔滨永泰世界室内主题乐园,,,[黑龙江·哈尔滨·香坊区],22,¥48 起
135,拙政园,5A景区,1.0,[江苏·苏州·平江区],2315,¥45 起
136,常州中华恐龙园,5A景区,0.74,[江苏·常州·新北区],1390,¥60 起
137,南京总统府,4A景区,0.8,[江苏·南京·玄武区],1872,¥37.9 起
138,瘦西湖,5A景区,1.0,[江苏·扬州·邗江区],1220,¥95 起
139,鼋头渚,5A景区,0.9400000000000001,[江苏·无锡·滨湖区],1860,¥45 起
140,虎丘,5A景区,0.8,[江苏·苏州·金阊区],696,¥48 起
141,常州环球动漫嬉戏谷,4A景区,,[江苏·常州·武进区],610,¥99 起
142,同里古镇,5A景区,0.8,[江苏·苏州·吴江市],726,¥45 起
143,中山陵,5A景区,1.0,[江苏·南京·钟山风景区],298,¥25.8 起
144,狮子林,4A景区,0.9,[江苏·苏州·平江区],542,¥20 起
145,姑苏水上游,,,[江苏·苏州·吴中区],872,¥45 起
146,常州淹城野生动物园,5A景区,,[江苏·常州·武进区],596,¥90 起
147,周庄,5A景区,0.9,[江苏·苏州·昆山市],614,¥88 起
148,夫子庙,5A景区,0.8800000000000001,[江苏·南京·秦淮区],284,¥11.9 起
149,无锡三国城,5A景区,0.74,[江苏·无锡·滨湖区],434,¥85 起
150,普陀山,5A景区,1.0,[浙江·舟山·普陀区],1774,¥140 起
151,横店影视城,5A景区,1.0,[浙江·金华·东阳市],1348,¥90 起
152,杭州野生动物世界,4A景区,0.7,[浙江·杭州·富阳市],1088,¥170 起
153,清明上河图,4A景区,,[浙江·金华·横店影视城],1176,¥80 起
154,罗蒙环球乐园,,,[浙江·宁波·鄞州区],1590,¥115 起
155,南浔古镇,5A景区,,[浙江·湖州·南浔区],694,¥40 起
156,千岛湖,5A景区,0.78,[浙江·杭州·淳安县],778,¥24 起
157,西溪国家湿地公园,5A景区,,[浙江·杭州·西湖区],838,¥138 起
158,盐官观潮景区,4A景区,,[浙江·嘉兴·海宁市],444,¥55 起
159,西塘古镇,5A景区,0.8400000000000001,[浙江·嘉兴·嘉善县],516,¥45 起
160,乌镇,5A景区,1.0,[浙江·嘉兴·桐乡市],794,¥0.1 起
161,观潮胜地公园,4A景区,0.7,[浙江·嘉兴·盐官观潮景区],18,¥70 起
162,杭州飞来峰,,0.72,[浙江·杭州·西湖],2702,¥45 起
163,西湖,5A景区,1.0,[浙江·杭州·西湖区],288,¥8 起
164,大香林,4A景区,0.72,[浙江·绍兴·绍兴县],38,¥36 起
165,黄山风景区,5A景区,1.0,[安徽·黄山·黄山区],2606,¥190 起
166,宏村,5A景区,0.78,[安徽·黄山·黟县],2853,¥94 起
167,太平索道,,,[安徽·黄山·黄山风景区],6745,¥190 起
168,马仁奇峰,4A景区,0.76,[安徽·芜湖·南陵县],2780,¥85 起
169,云谷索道,,,[安徽·黄山·黄山风景区],2501,¥190 起
170,西递村,5A景区,0.7,[安徽·黄山·黟县],1482,¥94 起
171,玉屏索道,,,[安徽·黄山·黄山风景区],1058,¥190 起
172,九华山,5A景区,1.0,[安徽·池州·青阳县],448,¥50 起
173,黄山翡翠谷,4A景区,0.72,[安徽·黄山·黄山区],382,¥45 起
174,芜湖方特欢乐世界（一期）,5A景区,1.0,[安徽·芜湖·鸠江区],242,¥155 起
175,天柱山,5A景区,0.86,[安徽·安庆·潜山县],156,¥50 起
176,芜湖方特梦幻王国（二期）,,,[安徽·芜湖·鸠江区],360,¥65 起
177,芜湖方特东方神画（四期）,,,[安徽·芜湖·鸠江区],578,¥165 起
178,呈坎,5A景区,0.72,[安徽·黄山·徽州区],68,¥102 起
179,大别山地质公园铜锣寨,3A景区,,[安徽·六安·霍山县],10,¥22 起
180,鼓浪屿往返轮渡,,,[福建·厦门·鼓浪屿],3270,¥35 起
181,鼓浪屿,5A景区,0.9800000000000001,[福建·厦门·思明区],2678,¥25 起
182,武夷山,5A景区,1.0,[福建·南平·武夷山市],1518,¥115 起
183,武夷山印象大红袍,,,[福建·南平·武夷山市],640,¥198 起
184,厦门方特梦幻王国,4A景区,,[福建·厦门·厦门方特旅游区],350,¥208 起
185,胡里山炮台,4A景区,0.8400000000000001,[福建·厦门·思明区],512,¥21.4 起
186,南靖土楼群,,,[福建·漳州·南靖县],906,¥45 起
187,日光岩,,0.86,[福建·厦门·鼓浪屿],202,¥90 起
188,厦门园林植物园,4A景区,0.76,[福建·厦门·思明区],622,¥40 起
189,火山岛自然生态风景区,4A景区,,[福建·漳州·漳浦县],166,¥83 起
190,灵玲国际马戏城,,,[福建·厦门·集美区],418,¥60 起
191,厦门海底世界,,0.72,[福建·厦门·鼓浪屿],360,¥50 起
192,中国福州云顶,,,[福建·福州·永泰县],218,¥75 起
193,世茂云上厦门观光厅,,,[福建·厦门·思明区],324,¥50 起
194,东山岛,,0.8400000000000001,[福建·漳州·东山县],70,¥59 起
195,南昌万达主题乐园,,,[江西·南昌·红谷滩新区],4785,¥118 起
196,瑞金红井,5A景区,0.7,[江西·赣州·瑞金市],2426,¥25 起
197,三清山,5A景区,0.86,[江西·上饶·玉山县],766,¥179 起
198,武功山,5A景区,1.0,[江西·萍乡·芦溪县],658,¥60 起
199,庐山风景名胜区,5A景区,1.0,[江西·九江·庐山区],494,¥29 起
200,明月山,5A景区,1.0,[江西·宜春·袁州区],618,¥84 起
201,婺源风景区,5A景区,1.0,[江西·上饶·婺源县],158,¥150 起
202,瑞金九丰极地海洋世界,,,[江西·赣州·瑞金市],868,¥107 起
203,滕王阁,4A景区,1.0,[江西·南昌·东湖区],386,¥45 起
204,江西龙虎山,5A景区,0.7,[江西·鹰潭],252,¥90 起
205,景德镇古窑民俗博览区,5A景区,,[江西·景德镇],274,¥44 起
206,婺源篁岭,4A景区,,[江西·上饶·婺源县],260,¥140 起
207,婺源江岭景区,,,[江西·上饶·婺源风景区],600,¥150 起
208,安福武功山,4A景区,,[江西·吉安·安福县],162,¥45 起
209,庐山西海（柘林湖）,4A景区,0.72,[江西·九江],96,¥155 起
210,泰山,5A景区,1.0,[山东·泰安·泰山区],1072,¥29 起
211,青岛海昌极地海洋世界,4A景区,0.76,[山东·青岛·崂山区],1678,¥110 起
212,蓬莱阁,5A景区,1.0,[山东·烟台·蓬莱市],842,¥50 起
213,青岛海底世界,4A景区,0.74,[山东·青岛·市南区],898,¥44.9 起
214,刘公岛,5A景区,1.0,[山东·威海·威海市],660,¥31 起
215,青岛森林野生动物世界,4A景区,0.7,[山东·青岛·黄岛区],324,¥45 起
216,台儿庄古城,5A景区,,[山东·枣庄·台儿庄区],514,¥145 起
217,崂山,5A景区,0.82,[山东·青岛·崂山区],376,¥115 起
218,青岛啤酒博物馆,4A景区,0.72,[山东·青岛·市北区],544,¥52 起
219,趵突泉公园,5A景区,0.9400000000000001,[山东·济南·天下第一泉风景区],402,¥27 起
220,天下第一泉风景区,5A景区,,[山东·济南·历下区],626,¥27 起
221,海军博物馆,3A景区,0.78,[山东·青岛·市南区],534,¥13 起
222,红叶谷生态文化旅游区,4A景区,0.72,[山东·济南·历城区],52,¥184 起
223,黄花溪,4A景区,,[山东·潍坊·青州市],122,¥85 起
224,黄河口生态旅游区,4A景区,0.7,[山东·东营·东营区],58,¥0.1 起
225,郑州动物园,,0.78,[河南·郑州·金水区],11195,¥0.1 起
226,云台山,5A景区,1.0,[河南·焦作·修武县],430,¥180 起
227,龙门石窟,5A景区,1.0,[河南·洛阳·洛龙区],378,¥118 起
228,鄢陵国家花木博览园,4A景区,0.82,[河南·许昌·许昌县],810,¥24 起
229,少林寺,5A景区,0.86,[河南·郑州·嵩山],462,¥80 起
230,郑州方特欢乐世界,4A景区,,[河南·郑州·中牟县],414,¥190 起
231,清明上河园,5A景区,1.0,[河南·开封·龙亭区],170,¥239 起
232,开封府,4A景区,0.96,[河南·开封·鼓楼区],378,¥58.8 起
233,竹林长寿山景区,3A景区,,[河南·郑州·巩义市],106,¥40 起
234,老君山,5A景区,0.72,[河南·洛阳·栾川县],188,¥43.9 起
235,郑州海洋馆,3A景区,,[河南·郑州·金水区],146,¥0.1 起
236,红旗渠,5A景区,1.0,[河南·安阳·林州市],28,¥40 起
237,嵩山,5A景区,0.9800000000000001,[河南·郑州·登封市],38,¥80 起
238,恐龙遗迹园,5A景区,0.82,[河南·南阳·西峡县],20,¥37 起
239,龙潭大峡谷,5A景区,0.7,[河南·洛阳·新安县],62,¥76 起
240,武当山,5A景区,1.0,[湖北·十堰·丹江口市],1246,¥100 起
241,黄鹤楼,5A景区,1.0,[湖北·武汉·武昌区],856,¥35 起
242,恩施大峡谷,5A景区,,[湖北·恩施·恩施市],700,¥170 起
243,武汉欢乐谷,4A景区,,[湖北·武汉·青山区],438,¥60 起
244,武汉海昌极地海洋世界,,,[湖北·武汉·东西湖区],708,¥69 起
245,木兰草原,5A景区,0.7,[湖北·武汉·黄陂区],376,¥38 起
246,木兰天池,5A景区,0.72,[湖北·武汉·黄陂区],600,¥38 起
247,三峡人家,5A景区,0.78,[湖北·宜昌·夷陵区],358,¥168 起
248,恩施土司城,4A景区,0.8800000000000001,[湖北·恩施·恩施市],336,¥20.9 起
249,武汉两江游览,,,[湖北·武汉·江岸区],180,¥70 起
250,清江画廊,5A景区,0.72,[湖北·宜昌·长阳县],220,¥61 起
251,四季花海,,,[湖北·黄冈·英山县],32,¥32 起
252,三峡大瀑布,4A景区,0.7,[湖北·宜昌·夷陵区],440,¥29 起
253,锦里沟,4A景区,,[湖北·武汉·黄陂区],434,¥32 起
254,天堂寨,4A景区,0.9,[湖北·黄冈·罗田县],216,¥95.8 起
255,天门山国家森林公园,5A景区,0.82,[湖南·张家界·永定区],2586,¥241 起
256,张家界,,,[湖南·张家界],5314,¥95 起
257,张家界国家森林公园,5A景区,0.9400000000000001,[湖南·张家界·武陵源区],1660,¥61.5 起
258,长沙生态动物园,4A景区,,[湖南·长沙·长沙县],1260,¥105 起
259,长沙世界之窗,4A景区,0.72,[湖南·长沙·开福区],366,¥75 起
260,张家界大峡谷,4A景区,0.7,[湖南·张家界·慈利县],676,¥141 起
261,枫林花海,,,[湖南·常德·桃源县],98,¥25.5 起
262,凤凰古城,4A景区,1.0,[湖南·湘西·凤凰县],352,¥45 起
263,衡山,5A景区,1.0,[湖南·衡阳·南岳区],362,¥55 起
264,东江湖,5A景区,0.86,[湖南·郴州·资兴市],298,¥80 起
265,张家界大峡谷玻璃桥,,,[湖南·张家界·张家界大峡谷],678,¥141 起
266,长沙摩天轮,,,[湖南·长沙·天心区],192,¥59 起
267,黄龙洞,4A景区,0.8400000000000001,[湖南·张家界·武陵源区],398,¥95 起
268,岳阳楼—君山岛景区,5A景区,1.0,[湖南·岳阳·岳阳楼区],134,¥0.1 起
269,靖港古镇,4A景区,,[湖南·长沙·望城县],24,¥38 起
270,长隆野生动物世界,5A景区,0.74,[广东·广州·广州长隆旅游度假区],2967,¥209 起
271,珠海长隆海洋王国,,,[广东·珠海·珠海长隆国际海洋度假区],3502,¥243 起
272,长隆欢乐世界,5A景区,,[广东·广州·广州长隆旅游度假区],1722,¥171.4 起
273,世界之窗,5A景区,,[广东·深圳·华侨城],1188,¥85 起
274,长隆水上乐园,5A景区,0.72,[广东·广州·广州长隆旅游度假区],880,¥70 起
275,锦绣中华民俗村,5A景区,0.74,[广东·深圳·华侨城],738,¥45 起
276,广州长隆旅游度假区,5A景区,0.7,[广东·广州·番禺],520,¥69 起
277,长隆国际大马戏剧院,,,[广东·广州·广州长隆旅游度假区],1034,¥333 起
278,广州塔,4A景区,,[广东·广州·海珠区],642,¥75 起
279,深圳欢乐谷,5A景区,0.8,[广东·深圳·南山区],510,¥215 起
280,珠江夜游,,,[广东·广州·天河区],1020,¥178 起
281,韶关丹霞山,5A景区,1.0,[广东·韶关·浈江区],232,¥93 起
282,长鹿休闲度假农庄,5A景区,0.72,[广东·佛山·顺德区],476,¥74.9 起
283,海洋奇梦馆,,,[广东·深圳·欢乐海岸],780,¥50 起
284,罗浮山,5A景区,0.9,[广东·惠州·博罗县],616,¥47.8 起
285,南山文化旅游区,5A景区,0.76,[海南·三亚],4513,¥122 起
286,蜈支洲岛,5A景区,0.86,[海南·三亚·海棠湾],3344,¥140 起
287,亚龙湾热带天堂森林公园,4A景区,0.8,[海南·三亚·亚龙湾],3856,¥145 起
288,天涯海角,4A景区,0.9,[海南·三亚],4902,¥76 起
289,呀诺达热带雨林,5A景区,,[海南·三亚],832,¥100 起
290,三亚千古情景区,,,[海南·三亚·河东区],1402,¥280 起
291,海口观澜湖华谊冯小刚电影公社,4A景区,,[海南·海口·龙华区],854,¥50 起
292,西岛,4A景区,0.78,[海南·三亚·三亚湾],492,¥98 起
293,槟榔谷黎苗文化区,5A景区,0.72,[海南·三亚],700,¥76 起
294,三亚凤凰岭海誓山盟景区,,,[海南·三亚],1152,¥63 起
295,鹿回头风景区,4A景区,0.8,[海南·三亚·大东海],928,¥19.9 起
296,分界洲岛,5A景区,1.0,[海南·陵水],614,¥117 起
297,亚龙湾海底世界,,0.72,[海南·三亚·亚龙湾],458,¥90 起
298,大小洞天,5A景区,0.78,[海南·三亚·三亚湾],472,¥81 起
299,火山口公园,4A景区,,[海南·海口·秀英区],412,¥37.3 起
300,成都熊猫基地,4A景区,0.8,[四川·成都·成华区],24679,¥52 起
301,稻城亚丁,4A景区,1.0,[四川·甘孜州·稻城县],3152,¥149 起
302,峨眉山,5A景区,1.0,[四川·乐山·峨眉山市],4697,¥138 起
303,都江堰,5A景区,1.0,[四川·成都·都江堰市],2670,¥13 起
304,成都海昌极地海洋公园,4A景区,,[四川·成都·双流县],1414,¥10.1 起
305,青城山,5A景区,0.96,[四川·成都·都江堰市],2190,¥78 起
306,成都欢乐谷,4A景区,0.74,[四川·成都·金牛区],1118,¥29.9 起
307,成都动物园,,0.7,[四川·成都·成华区],1628,¥10 起
308,成都武侯祠,4A景区,0.9,[四川·成都·武侯区],908,¥36 起
309,乐山大佛,5A景区,0.82,[四川·乐山·市中区],1112,¥40 起
310,蜀风雅韵川剧变脸,,,[四川·成都·青羊区],588,¥60 起
311,成都杜甫草堂,4A景区,0.86,[四川·成都·青羊区],508,¥47 起
312,金沙遗址,4A景区,0.7,[四川·成都·青羊区],648,¥68 起
313,金顶,5A景区,,[四川·乐山·峨眉山],734,¥120 起
314,花舞人间,4A景区,,[四川·成都·新津县],312,¥72 起
315,梵净山,,1.0,[贵州·铜仁·铜仁市],900,¥280 起
316,西江千户苗寨,4A景区,1.0,[贵州·黔东南·凯里市],1058,¥65 起
317,黄果树风景名胜区,5A景区,,[贵州·安顺·镇宁县],952,¥0.1 起
318,中国天眼景区,,,[贵州·黔南·平塘县],620,¥108 起
319,黄果树瀑布,5A景区,1.0,[贵州·安顺·黄果树风景名胜区],564,¥0.1 起
320,大小七孔景区,,0.7,[贵州·黔南·荔波樟江],556,¥30 起
321,青岩古镇,5A景区,0.82,[贵州·贵阳·花溪区],292,¥55 起
322,龙宫风景区,5A景区,0.72,[贵州·安顺·镇宁县],150,¥35 起
323,天河潭,4A景区,0.82,[贵州·贵阳·花溪区],380,¥74 起
324,贵阳森林野生动物园,4A景区,0.7,[贵州·贵阳·修文县],46,¥152 起
325,森哒星生态度假公园,,,[贵州·贵阳],264,¥40 起
326,荔波樟江,4A景区,1.0,[贵州·黔南·荔波县],48,¥358 起
327,万峰林,4A景区,0.7,[贵州·黔西南·兴义市],132,¥35 起
328,赤水丹霞旅游区·大瀑布,4A景区,0.74,[贵州·遵义·赤水游客中心],100,¥81 起
329,石阡温泉群,4A景区,0.7,[贵州·铜仁·石阡县],8,¥129 起
330,丽江古城,5A景区,1.0,[云南·丽江·古城区],2003,¥27 起
331,苍山国家地质公园,4A景区,0.8800000000000001,[云南·大理·大理市],1802,¥100 起
332,玉龙雪山,5A景区,0.96,[云南·丽江·玉龙县],1232,¥240 起
333,泸沽湖,4A景区,0.9199999999999999,[云南·丽江·宁蒗县],940,¥29.9 起
334,普洱茶马古道旅游景区,4A景区,1.0,[云南·普洱·思茅区],20,¥15 起
335,石林,5A景区,0.78,[云南·昆明·石林彝族自治县],878,¥25 起
336,普达措国家公园,5A景区,0.8800000000000001,[云南·迪庆·香格里拉县],540,¥100 起
337,云南民族村,4A景区,0.78,[云南·昆明·西山区],726,¥79 起
338,中科院西双版纳热带植物园,5A景区,0.8400000000000001,[云南·西双版纳·勐腊县],350,¥80 起
339,崇圣寺三塔,5A景区,0.86,[云南·大理·大理市],454,¥75 起
340,景洪曼听公园,4A景区,0.86,[云南·西双版纳·景洪市],444,¥40 起
341,野象谷,4A景区,1.0,[云南·西双版纳·景洪市],480,¥58 起
342,洱海,4A景区,1.0,[云南·大理·大理市],66,¥44.8 起
343,花之城,,,[云南·昆明·盘龙区],292,¥19 起
344,天龙八部影视城,3A景区,0.76,[云南·大理·大理市],622,¥44 起
345,秦始皇陵博物院（兵马俑）,5A景区,0.8800000000000001,[陕西·西安·临潼区],8100,¥120 起
346,陕西历史博物馆,4A景区,0.9199999999999999,[陕西·西安·雁塔区],2609,¥30 起
347,长恨歌,,,[陕西·西安·华清宫],4313,¥218 起
348,华山,5A景区,1.0,[陕西·渭南·华阴市],2087,¥0.1 起
349,华清宫,5A景区,0.9,[陕西·西安·临潼区],1824,¥108 起
350,大唐芙蓉园,5A景区,0.86,[陕西·西安·曲江旅游度假区],1190,¥89.5 起
351,大明宫国家遗址公园,4A景区,0.72,[陕西·西安·新城区],1228,¥60 起
352,大慈恩寺（大雁塔）,5A景区,0.72,[陕西·西安·曲江旅游度假区],1028,¥40 起
353,壶口瀑布（陕西）,4A景区,1.0,[陕西·延安·宜川县],846,¥90 起
354,秦岭野生动物园,4A景区,0.7,[陕西·西安·长安区],584,¥48 起
355,瀛湖,4A景区,0.82,[陕西·安康·汉滨区],26,¥35 起
356,法门寺,5A景区,1.0,[陕西·宝鸡·扶风县],366,¥96 起
357,沣东农博园,4A景区,,[陕西·西安·长安区],108,¥40 起
358,曲江海洋极地公园,4A景区,0.7,[陕西·西安·曲江旅游度假区],454,¥158 起
359,西安城墙,4A景区,0.82,[陕西·西安·碑林区],102,¥60 起
360,张掖七彩丹霞旅游景区,4A景区,,[甘肃·张掖·临泽县],2288,¥59 起
361,鸣沙山月牙泉,5A景区,0.86,[甘肃·酒泉·敦煌市],1054,¥55 起
362,金塔沙漠胡杨林景区,,,[甘肃·酒泉·金塔县],62,¥65 起
363,嘉峪关,5A景区,0.8400000000000001,[甘肃·嘉峪关·嘉峪关市],650,¥110 起
364,张掖冰沟丹霞旅游景区,4A景区,,[甘肃·张掖·肃南县],726,¥34.5 起
365,敦煌莫高窟,,0.9,[甘肃·酒泉·敦煌市],728,¥398 起
366,麦积山风景名胜区,5A景区,1.0,[甘肃·天水·麦积区],58,¥0.4 起
367,嘉峪关方特欢乐世界,,,[甘肃·嘉峪关·嘉峪关市],340,¥100 起
368,崆峒山,5A景区,1.0,[甘肃·平凉·崆峒区],58,¥137 起
369,兴隆山,4A景区,0.72,[甘肃·兰州·榆中县],16,¥0.1 起
370,雅丹地质公园,4A景区,0.78,[甘肃·酒泉·敦煌市],208,¥50 起
371,渭河源,,,[甘肃·定西·渭源县],10,¥43 起
372,遮阳山,4A景区,0.96,[甘肃·定西·漳县],22,¥35.9 起
373,马蹄寺,4A景区,0.76,[甘肃·张掖·肃南县],164,¥103 起
374,神州荒漠野生动物园,4A景区,,[甘肃·武威·凉州区],12,¥16 起
375,青藏高原野生动物园,4A景区,,[青海·西宁·城西区],3045,¥15 起
376,茶卡盐湖,4A景区,0.8400000000000001,[青海·海西蒙古族藏族自治州·乌兰县],1160,¥59 起
377,青海湖,5A景区,,[青海·海南藏族自治州·共和县],548,¥88 起
378,塔尔寺,5A景区,1.0,[青海·西宁·湟中县],704,¥70 起
379,青海湖二郎剑,5A景区,1.0,[青海·海南藏族自治州·青海湖],206,¥88 起
380,藏医药文化博物馆,4A景区,,[青海·西宁·西宁市区],22,¥30 起
381,贵德国家地质公园阿什贡七彩峰丛景区,,,[青海·海南藏族自治州·贵德县],66,¥48.9 起
382,西宁浦宁之珠,3A景区,0.7,[青海·西宁·城西区],40,¥17.5 起
383,日月山,3A景区,0.9199999999999999,[青海·西宁·湟源县],68,¥0.1 起
384,青藏高原自然博物馆,,,[青海·西宁·城北区],48,¥45 起
385,金沙湾景区,,,[青海·海南藏族自治州·共和县],76,¥298 起
386,龙羊峡土林地质公园,,,[青海·海南藏族自治州·龙羊峡生态旅游度假景区],4,¥40 起
387,互助北山国家森林公园,,0.7,[青海·海东地区·互助县],48,¥75 起
388,丹噶尔古城,4A景区,0.7,[青海·西宁·湟源县],8,¥30 起
389,坎布拉,,1.0,[青海·黄南藏族自治州·尖扎县],74,¥189 起
390,台北故宫博物院,,1.0,[台湾·台北],116,¥20 起
391,101大楼,,1.0,[台湾·台北],34,¥100 起
392,台湾高速铁路,,,[台湾·台北],46,¥20 起
393,日月潭水社码头,,,[台湾·南投·日月潭],4,¥67 起
394,台北101景观台,,,[台湾·台北·101大楼],20,¥115 起
395,瑞芳黄金瀑布,,,[台湾·新北],10,¥120 起
396,恒春古城,,,[台湾·屏东],91,¥134 起
397,野柳地质公园,,0.9,[台湾·新北],4,¥17 起
398,花莲赏鲸,,,[台湾·花莲],49,¥258 起
399,台湾海洋生物博物馆,,,[台湾·屏东],30,¥96 起
400,猴硐猫村,,,[台湾·新北],59,¥0.1 起
401,袖珍博物馆,,1.0,[台湾·台北],35,¥45 起
402,垦丁快线巴士,,,[台湾·屏东·垦丁],68,¥245 起
403,花莲太鲁阁峡谷观光,,,[台湾·花莲],67,¥15 起
404,日月潭,,1.0,[台湾·南投],57,¥5 起
405,额济纳胡杨林,,,[内蒙古·阿拉善盟·额济纳旗],218,¥278 起
406,阿尔山国家森林公园,5A景区,1.0,[内蒙古·兴安盟·阿尔山市],834,¥225 起
407,居延海,,,[内蒙古·阿拉善盟·额济纳旗],38,¥75 起
408,响沙湾,5A景区,0.8400000000000001,[内蒙古·鄂尔多斯·达拉特旗],240,¥119.8 起
409,七星湖沙漠风景区,4A景区,0.7,[内蒙古·鄂尔多斯·杭锦旗],16,¥1388 起
410,满洲里国门景区,5A景区,0.74,[内蒙古·呼伦贝尔·中俄边境旅游区],250,¥68 起
411,神泉生态旅游景区,4A景区,,[内蒙古·呼和浩特·托克托县],16,¥40 起
412,五当召,4A景区,0.78,[内蒙古·包头·石拐区],36,¥55 起
413,苏木山,,0.7,[内蒙古·乌兰察布·兴和县],4,¥45 起
414,克什克腾石阵景区,4A景区,0.9,[内蒙古·赤峰·克什克腾旗],6,¥135 起
415,贺兰山福因寺（北寺旅游景区）,4A景区,,[内蒙古·阿拉善盟·阿拉善左旗],6,¥0.1 起
416,满洲里套娃景区,5A景区,0.7,[内蒙古·呼伦贝尔·中俄边境旅游区],44,¥0.1 起
417,鄂尔多斯草原旅游区,4A景区,0.72,[内蒙古·鄂尔多斯·杭锦旗],16,¥89 起
418,大召寺,3A景区,0.9,[内蒙古·呼和浩特·玉泉区],88,¥33.9 起
419,苏泊罕大草原,4A景区,,[内蒙古·鄂尔多斯·伊金霍洛旗],72,¥90 起
420,龙脊梯田,4A景区,0.78,[广西·桂林·龙胜县],1884,¥80 起
421,南宁海底世界,4A景区,,[广西·南宁·兴宁区],2789,¥30 起
422,涠洲岛,4A景区,0.9199999999999999,[广西·北海·海城区],1534,¥112 起
423,青秀山旅游区,5A景区,0.82,[广西·南宁·青秀区],1532,¥18 起
424,涠洲岛船票,,,[广西·北海·涠洲岛],1478,¥112 起
425,漓江,5A景区,1.0,[广西·桂林·灵川县],536,¥22 起
426,桂林两江四湖景区,5A景区,0.7,[广西·桂林·秀峰区],484,¥45 起
427,银子岩,4A景区,0.78,[广西·桂林·荔浦县],804,¥65 起
428,印象刘三姐,,0.82,[广西·桂林·阳朔县],892,¥176 起
429,南宁加勒比水世界,,,[广西·南宁·南宁动物园],1768,¥55 起
430,象鼻山,5A景区,0.7,[广西·桂林·象山区],386,¥27.5 起
431,阳朔十里画廊,,,[广西·桂林·阳朔县],644,¥10.01 起
432,黄姚古镇,4A景区,1.0,[广西·贺州·昭平县],538,¥13 起
433,阳朔世外桃源景区,4A景区,0.7,[广西·桂林·阳朔县],274,¥0.1 起
434,芦笛岩,4A景区,0.76,[广西·桂林·秀峰区],472,¥55 起
435,布达拉宫,5A景区,1.0,[西藏·拉萨·城关区],2123,¥185 起
436,大昭寺,5A景区,0.9199999999999999,[西藏·拉萨·城关区],282,¥108 起
437,《文成公主》,,,[西藏·拉萨·城关区],362,¥280 起
438,纳木错,,1.0,[西藏·那曲·那曲县],292,¥358 起
439,羊卓雍措,3A景区,,[西藏·山南·浪卡子县],174,¥56 起
440,罗布林卡,4A景区,0.76,[西藏·拉萨·城关区],36,¥0.1 起
441,拉萨河,,,[西藏·拉萨·城关区],26,¥50 起
442,扎西半岛,,,[西藏·拉萨·当雄县],150,¥239 起
443,岗巴拉山顶,,,[西藏·山南·浪卡子县],90,¥169 起
444,布达拉宫珍宝馆,,,[西藏·拉萨·布达拉宫],28,¥215 起
445,达布夏珠林寺,,,[西藏·山南·加查县],24,¥189 起
446,卡定沟天佛瀑布,,,[西藏·林芝·卡定沟],36,¥249 起
447,佛掌沙丘,,,[西藏·林芝·米林县],24,¥439 起
448,鲁朗林海,,,[西藏·林芝·林芝县],72,¥65 起
449,八廓街,,0.8,[西藏·拉萨·城关区],64,¥215 起
450,沙坡头旅游区,5A景区,1.0,[宁夏·中卫·沙坡头区],784,¥75 起
451,镇北堡西部影城,5A景区,,[宁夏·银川·西夏区],726,¥40 起
452,沙湖旅游区,5A景区,1.0,[宁夏·石嘴山·平罗县],136,¥90 起
453,水洞沟旅游区,5A景区,0.82,[宁夏·银川·灵武市],274,¥58 起
454,鸣翠湖国家湿地公园,4A景区,0.72,[宁夏·银川·兴庆区],56,¥0.1 起
455,西夏陵,4A景区,0.9800000000000001,[宁夏·银川·西夏区],114,¥30 起
456,永宁文化园,4A景区,,[宁夏·银川·永宁县],30,¥54 起
457,贺兰山岩画,4A景区,0.9,[宁夏·银川·贺兰县],116,¥30 起
458,通湖草原,,0.7,[宁夏·中卫·沙坡头区],44,¥54 起
459,六盘山国家森林公园,4A景区,1.0,[宁夏·固原·泾源县],24,¥44.7 起
460,黄沙古渡原生态旅游区,4A景区,0.72,[宁夏·银川·兴庆区],98,¥188 起
461,张裕摩塞尔十五世酒庄,,,[宁夏·银川·西夏区],28,¥60 起
462,贺兰山国家森林公园,4A景区,0.74,[宁夏·银川·贺兰县],44,¥55 起
463,西夏风情园,,,[宁夏·银川·西夏区],18,¥50 起
464,黄河军事文化博览园,,,[宁夏·银川],8,¥45 起
465,喀纳斯,5A景区,1.0,[新疆·阿勒泰·布尔津县],1244,¥0.1 起
466,天山天池,5A景区,1.0,[新疆·昌吉·阜康市],870,¥155 起
467,金湖杨国家森林公园,5A景区,,[新疆·喀什·泽普县],42,¥18 起
468,乌尔禾魔鬼城,4A景区,1.0,[新疆·克拉玛依·克拉玛依区],738,¥40 起
469,可可托海,5A景区,0.72,[新疆·阿勒泰·富蕴县],526,¥0.8 起
470,罗布人村寨,4A景区,0.72,[新疆·巴音郭楞·库尔勒市],40,¥39 起
471,天山大峡谷,5A景区,,[新疆·乌鲁木齐·乌鲁木齐县],140,¥58 起
472,库木塔格沙漠景区,,,[新疆·吐鲁番·鄯善县],544,¥28 起
473,国际大巴扎歌舞大剧院,,,[新疆·乌鲁木齐·天山区],58,¥254 起
474,葡萄沟,5A景区,1.0,[新疆·吐鲁番·吐鲁番市],176,¥60 起
475,那拉提旅游风景区,5A景区,1.0,[新疆·伊犁·新源县],164,¥47 起
476,火焰山景区,4A景区,0.8400000000000001,[新疆·吐鲁番·吐鲁番市],62,¥40 起
477,库车天山神秘大峡谷,,0.78,[新疆·阿克苏地区·阿克苏市],54,¥40 起
478,喀拉峻,5A景区,,[新疆·伊犁·特克斯县],70,¥0.1 起
479,交河故城,,0.72,[新疆·吐鲁番·吐鲁番市],22,¥70 起
480,香港海洋公园,,0.96,[香港·香港·香港岛],2612,¥209 起
481,香港迪士尼乐园,,1.0,[香港·香港·离岛],2718,¥485 起
482,凌霄阁摩天台428,,,[香港·香港·太平山顶],306,¥68.5 起
483,太平山顶,,0.86,[香港·香港·香港岛],372,¥68.5 起
484,太平山顶缆车,,,[香港·香港·太平山顶],308,¥68.5 起
485,迪士尼乐园餐券,,,[香港·香港·香港迪士尼乐园],228,¥74 起
486,维多利亚海港,,0.82,[香港·香港·油尖旺],198,¥105 起
487,香港八达通,,,[香港·香港],132,¥12 起
488,香港昂坪360缆车,,,[香港·香港·大屿山],200,¥131 起
489,香港杜莎夫人蜡像馆,,0.76,[香港·香港·香港岛],174,¥147.8 起
490,香港中环摩天轮,,,[香港·香港·香港岛],112,¥12 起
491,香港天际100观景台,,,[香港·香港·油尖旺],82,¥73.5 起
492,广九直通车,,,[香港·香港],6,¥102 起
493,香港机场快线,,,[香港·香港],22,¥24.5 起
494,大屿山,,0.74,[香港·香港·离岛],74,¥131 起
495,澳门水舞间演出,,1.0,[澳门·澳门·新濠天地],1870,¥448 起
496,澳门旅游观光塔,,0.72,[澳门·澳门·澳门半岛],280,¥88 起
497,澳门环岛游,,0.8,[广东·珠海·金湾区],292,¥59 起
498,贡多拉号,,,[澳门·澳门·澳门威尼斯人度假村],46,¥82 起
499,新濠影汇摩天轮,,,[澳门·澳门·新濠影汇],84,¥25 起
500,新濠影汇,,,[澳门·澳门·澳门半岛],52,¥105 起
501,澳门威尼斯人度假村,,0.9400000000000001,[澳门·澳门·凼仔岛],54,¥82 起
502,澳门巴黎铁塔观景,,,[澳门·澳门],46,¥54 起
503,新濠影汇蝙蝠侠,,,[澳门·澳门·新濠影汇],44,¥105 起
504,信德喷射飞航,,,[澳门·澳门·凼仔岛],22,¥25 起
505,威丰味餐厅,,,[澳门·澳门·澳门威尼斯人度假村],30,¥25 起
506,沨竹餐厅,,,[澳门·澳门·澳门威尼斯人度假村],40,¥25 起
507,澳门喜来登金沙城中心酒店自助餐,,,[澳门·澳门·凼仔岛],6,¥78 起
508,新濠天地,,,[澳门·澳门·凼仔岛],30,¥448 起
509,澳门敞篷巴士,,,[澳门·澳门·澳门半岛],6,¥98 起
